Tiempo,PosX,PosY,VelX,VelY,AcelX,AcelY
0,1.1510842042877771,1.4804524721777297,5.8958032929814355
0.03333333333333333,1.246440292216942,1.654038361036677,5.764260407672927
0.06666666666666667,1.314551783594917,1.9145723217217865,5.219247964981815
0.1,1.3894744241106893,2.1286814898836686,4.128412985747392
0.13333333333333333,1.4712082137642595,2.2523330373738544,2.6699272201554973
0.16666666666666666,1.5529420034178294,2.2727431322759175,1.190034159769575
0.19999999999999998,1.6142423456580068,2.2452905871714597,0.1583417507284683
0.2333333333333333,1.709598433587172,2.220897221051178,-0.18266401083468992
0.26666666666666666,1.7640876266895518,2.2079632658476296,-0.028709005530381318
0.3,1.8390102672053243,2.2151124703875302,0.2657622543644833
0.3333333333333333,1.9139329077210967,2.2421680227993854,0.45685289976698096
0.36666666666666664,1.9820443990990717,2.272105942323922,0.46861770434209704
0.39999999999999997,2.0774004870282368,2.2878655513983492,0.2969753163240228
0.4333333333333333,2.138700829268414,2.2932266207850143,0.04120755554310634
0.4666666666666666,2.213623469784187,2.289453522168763,-0.10796294911344302
0.49999999999999994,2.315790706851149,2.271135145067224,-0.045284046173837925
0.5333333333333333,2.3770910490913266,2.253537359743855,0.1906763051300665
0.5666666666666667,2.4315802421937067,2.26472321267073,0.5252808097304573
0.6,2.5201251809850738,2.301827017100403,0.853623600537841
0.6333333333333333,2.601858970638644,2.3444653667151893,0.9948384288244436
0.6666666666666666,2.6767816111544165,2.3870303227229384,0.8288595490438335
0.7,2.7448931025323913,2.423763823044384,0.42954876225492583
0.7333333333333333,2.847060339599354,2.4336886403594606,-0.033772592517613186
0.7666666666666666,2.928794129252924,2.411353631309231,-0.4266240746727621
0.7999999999999999,3.0105279189064937,2.3757577318968397,-0.6458240903044965
0.8333333333333333,3.0786394102844685,2.3444386781308086,-0.6374048904137524
0.8666666666666666,3.160373199938039,2.3234414343724574,-0.46358499985963514
0.8999999999999999,3.2284846913160137,2.314447381437517,-0.2705916490238224
0.9333333333333332,3.317029630107381,2.3155716380543874,-0.1714896911888896
0.9666666666666666,3.385141121485356,2.3184339887287884,-0.18398881309984777
0.9999999999999999,3.466874911138926,2.3143306188808737,-0.24982545215309876
1.0333333333333332,3.5486087007924962,2.2985243047837858,-0.288404849349711
1.0666666666666667,3.6235313413082686,2.2787180391032433,-0.2402601681961647
1.1,3.698453981824041,2.2671885706525168,-0.09085861665199998
1.1333333333333335,3.766565473202016,2.269547174296803,0.10910531584113417
1.166666666666667,3.848299262855586,2.2814836436592714,0.2528822482279108
1.2000000000000004,3.916410754233561,2.299011371448654,0.2516269315984825
1.2333333333333338,3.998144543887131,2.3150111777824702,0.10751000571002613
1.2666666666666673,4.079878333540701,2.3183172261721277,-0.10317101378867298
1.3000000000000007,4.161612123194271,2.3045225641224327,-0.2838705541804657
1.3333333333333341,4.229723614572245,2.2823643669436975,-0.3400927260283415
1.3666666666666676,4.311457404225815,2.2638358172401896,-0.20884494020992012
1.400000000000001,4.379568895603791,2.255091969783784,0.08287377347198263
1.4333333333333345,4.461302685257361,2.262061026379148,0.4182700711810105
1.466666666666668,4.529414176635336,2.2881124208038313,0.6645271642865413
1.5000000000000013,4.5975256680133105,2.3262804325355226,0.7247386122841256
1.5333333333333348,4.692881755942476,2.3607353949658094,0.5465499911002927
1.5666666666666682,4.76099324732045,2.380544996719395,0.1483017912350767
1.6000000000000016,4.849538186111818,2.3800579300545204,-0.35903113613477616
1.633333333333335,4.931271975765388,2.3553976780904735,-0.8168153721801155
1.6666666666666685,5.00619461628116,2.3098402645594898,-1.088711235132606
1.700000000000002,5.08792840593473,2.256463095806141,-1.095656653267526
1.7333333333333354,5.156039897312706,2.2110391251970403,-0.8319729630441162
1.7666666666666688,5.230962537828478,2.1847441974399184,-0.37946763367209957
1.8000000000000023,5.299074029206452,2.182832627583938,0.11265394439953737
1.8333333333333357,5.367185520584428,2.203055902395366,0.4880422279496758
1.8666666666666691,5.4421081611002,2.236590108664659,0.64354507583148
1.9000000000000026,5.517030801615973,2.27005759347301,0.5566311272667888
1.933333333333336,5.598764591269543,2.2907712710223596,0.28069451732330897
1.9666666666666694,5.680498380923113,2.2934334573139368,-0.07606160762608809
2.0000000000000027,5.748609872301087,2.2795220327075967,-0.38979440013107797
2.033333333333336,5.830343661954657,2.2543113286907834,-0.5704301738695117
2.066666666666669,5.90526630247043,2.2259213470600994,-0.5904234502734635
2.1000000000000023,5.973377793848405,2.20302587773796,-0.4849851459256818
2.1333333333333355,6.055111583501975,2.189444724363277,-0.3380401832570601
2.1666666666666687,6.1164119257421525,2.1852646248352783,-0.24560341342111286
2.200000000000002,6.191334566257925,2.1863188239181555,-0.2659486931896866
2.233333333333335,6.266257206773697,2.1825557335210415,-0.39843978577452366
2.2666666666666684,6.34117984728947,2.1663457545852576,-0.5835529508075954
2.3000000000000016,6.416102487805242,2.1387597665589175,-0.7098169294427473
2.333333333333335,6.484213979183218,2.1048385758161654,-0.6652803542641594
2.366666666666668,6.5591366196989895,2.0726521430578964,-0.4143231155007626
2.4000000000000012,6.620436961939167,2.0569625915174585,-0.011657573655722894
2.4333333333333345,6.681737304179345,2.067334442620844,0.4348699893977776
2.4666666666666677,6.756659944695118,2.098686857117343,0.7859663234482591
2.500000000000001,6.8247714360730924,2.1400708432664235,0.9079210488703298
2.533333333333334,6.892882927451067,2.1820119536143694,0.7460832842212574
2.5666666666666673,6.974616717104637,2.2121433653756393,0.35144233248367074
2.6000000000000005,7.04953935762041,2.2182316986865684,-0.16690077973805043
2.6333333333333337,7.124461998136182,2.19783828414974,-0.6815402789792936
2.666666666666667,7.199384638651955,2.1583224989070287,-1.0559634842551056
2.7,7.2674961300299294,2.1086517073089883,-1.1816881628531295
2.7333333333333334,7.342418770545702,2.05774990475657,-1.035113504292722
2.7666666666666666,7.410530261923677,2.0179505533048525,-0.6822971862955686
2.8,7.465019455026057,2.0014136392104556,-0.23275829307701534
2.833333333333333,7.533130946404032,2.0087196391835644,0.18976841667931918
2.8666666666666663,7.601242437782007,2.03065431946814,0.4627548895691116
2.8999999999999995,7.669353929159982,2.057816626217502,0.5118935298579742
2.9333333333333327,7.737465420537957,2.082400148501471,0.35173085514404234
2.966666666666666,7.8123880610537295,2.094219855307293,0.06324565409212943
2.999999999999999,7.880499552431704,2.088418424278412,-0.24858557677605148
3.0333333333333323,7.955422192947477,2.06848538782208,-0.47273251215477885
3.0666666666666655,8.016722535187654,2.0414431797024135,-0.5208285819582403
3.0999999999999988,8.091645175703427,2.0155285642726595,-0.36683954870884106
3.133333333333332,8.152945517943603,2.0013635981147337,-0.05541179204661313
3.166666666666665,8.22105700932158,2.005663796272424,0.31253924088511176
3.1999999999999984,8.282357351561757,2.027638509433573,0.5989358695768374
3.2333333333333316,8.350468842939732,2.062533833506077,0.6851143570092546
3.266666666666665,8.411769185179908,2.098887021500157,0.5388510970386933
3.299999999999998,8.500314123971277,2.1205448077218314,0.22196257006390147
3.3333333333333313,8.568425615349252,2.117665776682201,-0.14892487436384994
3.3666666666666645,8.636537106727227,2.096451688175794,-0.43469384474083594
3.3999999999999977,8.711459747243,2.068395313849816,-0.5242817035109825
3.433333333333331,8.772760089483176,2.043004461888456,-0.4109746513252247
3.466666666666664,8.84768272999895,2.02838912586918,-0.20089698446622276
3.4999999999999973,8.90217192310133,2.03125147654358,-0.023699462926528275
3.5333333333333306,8.970283414479304,2.045419778774544,0.04280486731797349
3.5666666666666638,9.045206054995075,2.0544872253165147,-0.024279081789373574
3.599999999999997,9.120128695510848,2.050283773277187,-0.18731897653186308
3.63333333333333,9.181429037751027,2.0366525788068004,-0.34145870496657893
3.6666666666666634,9.249540529129002,2.0174468062747364,-0.37864896134632464
3.6999999999999966,9.324463169644774,1.9970967606875216,-0.26513087871119856
3.73333333333333,9.378952362747153,1.9861177442895679,-0.034435136624699846
3.766666666666663,9.447063854125128,1.9905814100265715,0.25204699085339033
3.7999999999999963,9.515175345503103,2.0077354976346813,0.516285994264605
3.8333333333333295,9.576475687743281,2.0340270893187538,0.6838001348614634
3.8666666666666627,9.651398328259054,2.06446208372731,0.7061790847594858
3.899999999999996,9.719509819637029,2.092134809652881,0.5590159429134873
3.933333333333329,9.787621311015004,2.1128751757865984,0.2538250224709266
3.9666666666666623,9.855732802392978,2.1215256131976785,-0.14525443148132144
3.9999999999999956,9.93746659204655,2.1086950762585843,-0.5490966539482955
4.033333333333329,10.005578083424524,2.075044107432637,-0.8653206351720745
4.066666666666662,10.073689574802499,2.0325558811049635,-0.9941501492967537
4.099999999999995,10.141801066180474,1.9902010976991757,-0.8825364877895984
4.133333333333328,10.209912557558448,1.954958822029777,-0.5910345235393275
4.166666666666662,10.264401750660829,1.9396695992549953,-0.24622563870243833
4.199999999999995,10.325702092901006,1.947789601051602,0.04729341062846343
4.233333333333328,10.39381358427898,1.964429933410462,0.21217996477709822
4.266666666666661,10.468736224794753,1.9768434612186712,0.20583904307828665
4.2999999999999945,10.523225417897134,1.9841661415570306,0.07635098813398147
4.333333333333328,10.598148058412905,1.9844230191816583,-0.06124572595857855
4.366666666666661,10.666259549790881,1.9742213078036692,-0.13044512664333127
4.399999999999994,10.727559892031058,1.9615875991743528,-0.1235680503477253
4.433333333333327,10.788860234271235,1.9569337772736646,-0.05574892605715165
4.466666666666661,10.85697172564921,1.9606001215524111,0.04651276953527948
4.499999999999994,10.925083217027186,1.9665083069187994,0.1371200369122702
4.533333333333327,10.986383559267363,1.9725399269879305,0.1817546926384407
4.56666666666666,11.054495050645338,1.9792187452281966,0.18568706491359166
4.599999999999993,11.115795392885515,1.9864113187177097,0.17054748884405813
4.633333333333327,11.190718033401287,1.9921527004317394,0.1408053491492091
4.66666666666666,11.258829524779262,1.996176004526525,0.08623453345962635
4.699999999999993,11.313318717881643,1.9992518638759407,0.006974298995921006
4.733333333333326,11.381430209259618,1.9998356766591845,-0.07539791972249404
4.7666666666666595,11.45635284977539,1.9952052072698343,-0.1301460238654656
4.799999999999993,11.524464341153365,1.9859209159797968,-0.14217161403648582
4.833333333333326,11.59257583253134,1.9768968383874306,-0.12416053692077217
4.866666666666659,11.64706502563372,1.9741979552923419,-0.10236292158024574
4.899999999999992,11.708365367873897,1.9770469616745558,-0.10423074122114154
4.933333333333326,11.78328800838967,1.9769201908987677,-0.15758541531056683
4.966666666666659,11.858210648905443,1.9698710685502765,-0.2584167934131603
4.999999999999992,11.912699842007823,1.9586651991851132,-0.33788405503856633
5.033333333333325,11.980811333385798,1.9423651462770481,-0.31610045120481767
5.066666666666658,12.048922824763773,1.9234362678078862,-0.17943678908536703
5.099999999999992,12.103412017866152,1.9150994212632242,0.030612282861904375
5.133333333333325,12.171523509244128,1.9247640248806315,0.2523998520653884
5.166666666666658,12.239635000622103,1.9442333471834174,0.3968296062893081
5.199999999999991,12.294124193724482,1.9657143215335977,0.3846038517354444
5.2333333333333245,12.362235685102457,1.983899255713259,0.221590264311784
5.266666666666658,12.430347176480433,1.9901410483843534,-0.009699680042627386
5.299999999999991,12.512080966134002,1.9803296575528733,-0.21963637398636965
5.333333333333324,12.566570159236383,1.9620613215470342,-0.3457593797062092
5.366666666666657,12.634681650614358,1.9440932321154332,-0.36693476976522443
5.399999999999991,12.689170843716738,1.931429498828698,-0.31405791665247806
5.433333333333324,12.757282335094713,1.9254412477091865,-0.239315678258148
5.466666666666657,12.825393826472688,1.9220784860777327,-0.17507148984479248
5.49999999999999,12.893505317850662,1.9165973180613833,-0.12567377965476312
5.5333333333333234,12.947994510953043,1.9103555253903008,-0.07326674094356903
5.566666666666657,13.016106002331018,1.9073430514287872,0.007859883415348805
5.59999999999999,13.077406344571195,1.9081837418366445,0.11486719057530317
5.633333333333323,13.14551783594917,1.914031877888179,0.2067866784561605
5.666666666666656,13.20000702905155,1.9257815271600096,0.2454664437932586
5.6999999999999895,13.268118520429525,1.9397062960585332,0.22489412042474394
5.733333333333323,13.3362300118075,1.948139888721558,0.1536393174775641
5.766666666666656,13.404341503185474,1.949490998305625,0.041278470924319424
5.799999999999989,13.465641845425653,1.9474760101851813,-0.09070734956843318
5.833333333333322,13.52694218766583,1.944063207458011,-0.21233780869028657
5.866666666666656,13.595053679043804,1.9355995901375587,-0.30533618259461687
5.899999999999989,13.66316517042178,1.9214746568562033,-0.3583419987596441
5.933333333333322,13.724465512661958,1.905017808514938,-0.3483306341781138
5.966666666666655,13.785765854902134,1.8907460880195117,-0.25740710707631775
5.9999999999999885,13.85387734628011,1.8813583784650079,-0.11176378479426764
6.033333333333322,13.90836653938249,1.880717852439962,0.01625391978357547
6.066666666666655,13.976478030760465,1.889091395788146,0.04833226377516758
6.099999999999988,14.030967223862845,1.9001004368435257,-0.062929680316309
6.133333333333321,14.09907871524082,1.9020753920873996,-0.31203768613147814
6.1666666666666545,14.167190206618795,1.887470064287272,-0.6264782027043063
6.199999999999988,14.23530169799677,1.85555718951887,-0.8857248204587136
6.233333333333321,14.28979089109915,1.811877985113396,-0.9879490567165918
6.266666666666654,14.357902382477125,1.7679519113024376,-0.9058836614021799
6.299999999999987,14.39876927730391,1.7364994146145316,-0.691110710020366
6.333333333333321,14.466880768681884,1.7216205288245396,-0.45065552452563096
6.366666666666654,14.521369961784265,1.7180108977875905,-0.3107308986609698
6.399999999999987,14.575859154886643,1.7182510950469732,-0.35458748683625246
6.43333333333332,14.630348347989024,1.7125464101364491,-0.5719359819268737
6.4666666666666535,14.698459839366999,1.6912889526804178,-0.8648187944694239
6.499999999999987,14.75294903246938,1.6511026167552312,-1.097064380777164
6.53333333333332,14.80743822557176,1.598899745714455,-1.1537274861654732
6.566666666666653,14.861927418674139,1.5485717477261407,-0.9926483445272782
6.599999999999986,14.902794313500923,1.514397015431807,-0.6687446278327149
6.6333333333333195,14.957283506603304,1.502040200865403,-0.3158079252567485
6.666666666666653,15.011772699705684,1.507224458380568,-0.08659854668729772
6.699999999999986,15.039017296256874,1.519207632765689,-0.0695359627970171
6.733333333333319,15.10712878763485,1.5247988911925983,-0.22920995046769585
6.766666666666652,15.161617980737228,1.5129758483137343,-0.43330155848372676
6.799999999999986,15.216107173839609,1.4833715360939128,-0.5549140028111232
6.833333333333319,15.270596366941989,1.4492501809683396,-0.5529489604700257
6.866666666666652,15.29784096349318,1.4298742687108774,-0.4713997033141823
6.899999999999985,15.338707858319964,1.4267984093614654,-0.41188568521618746
6.9333333333333185,15.406819349697939,1.4254773244348153,-0.49224710973455976
6.966666666666652,15.447686244524723,1.4127268532488588,-0.7537475784395637
6.999999999999985,15.48855313935151,1.3844903309783403,-1.0993439671482013
7.033333333333318,15.556664630729484,1.3354300407479223,-1.3706930953864385
7.066666666666651,15.583909227280675,1.271837816324406,-1.4694273226552168
7.0999999999999845,15.638398420383053,1.21148158275656,-1.3847074616754345
7.133333333333318,15.65202071865865,1.1674320742428566,-1.1658494411892826
7.166666666666651,15.706509911761028,1.1386817967230813,-0.8988507428372269
7.199999999999984,15.733754508312218,1.1182316689444514,-0.6778549667424745
7.233333333333317,15.788243701414599,1.1003236288276954,-0.5666710867602374
7.266666666666651,15.81548829796579,1.0842904617634033,-0.5760639433988483
7.299999999999984,15.84273289451698,1.070032085560163,-0.6747043793567586
7.333333333333317,15.883599789343764,1.0487412673736671,-0.8325374266036903
7.36666666666665,15.924466684170548,1.0161211451192762,-1.0212821454394376
7.3999999999999835,15.951711280721739,0.9766954338488393,-1.1701403936587766
7.433333333333317,15.992578175548523,0.9321521865241704,-1.1947434557991812
7.46666666666665,16.01982277209971,0.882905076203109,-1.0774871603402958
7.499999999999983,16.047067368650904,0.8428721996380952,-0.858621133278775
7.533333333333316,16.0606896669265,0.821828250857081,-0.5926976036115099
7.5666666666666496,16.101556561753284,0.8126140171010299,-0.3654927283614418
7.599999999999983,16.128801158304473,0.8086574344671962,-0.2582806816326409
7.633333333333316,16.14242345658007,0.8078834655202822,-0.2571460355311197
7.666666666666649,16.183290351406853,0.7999769723986939,-0.2783274305216963
7.699999999999982,16.210534947958042,0.7811348318287634,-0.25772994363082735
7.733333333333316,16.224157246233638,0.7656287643059148,-0.15333163622640245
7.766666666666649,16.265024141060422,0.7625328885182155,0.03996710826775028
7.799999999999982,16.27864643933602,0.7682976227435736,0.22121481311939334
7.833333333333315,16.305891035887207,0.7843574783922376,0.2391143700789949
7.8666666666666485,16.319513334162803,0.8077633668905825,0.03365420958261934
7.899999999999982,16.360380228989587,0.8167640919716223,-0.3522409883711469
7.933333333333315,16.401247123816372,0.7942989760725572,-0.8272776785213833
7.966666666666648,16.414869422091968,0.747760757065721,-1.236978712473732
7.999999999999981,16.44211401864316,0.6897431107038665,-1.406416718738781
8.033333333333315,16.46935861519435,0.6283693748566432,-1.28470590791466
8.066666666666649,16.482980913469945,0.5794425275480833,-0.9794778140866999
8.099999999999982,16.496603211745537,0.5574010929259822,-0.6457351601287759
8.133333333333315,16.510225510021133,0.5559832618809756,-0.41238581022407594
8.166666666666648,16.53747010657232,0.5561200408759164,-0.3663002486713963
8.199999999999982,16.551092404847918,0.547146004379272,-0.4991859510395239
8.233333333333315,16.57833700139911,0.5259419240920218,-0.6898442413752248
8.266666666666648,16.591959299674702,0.49280804658838734,-0.8021925061674166
8.299999999999981,16.612392747088094,0.4545032558617488,-0.7855914441542586
8.333333333333314,16.619203896225894,0.4245620002641492,-0.670651908452036
8.366666666666648,16.632826194501487,0.40909930169091036,-0.5216524013681727
8.39999999999998,16.639637343639286,0.4015497683853575,-0.4103527119928508
8.433333333333314,16.666881940190475,0.39324294649811625,-0.374151267664134
8.466666666666647,16.666881940190475,0.380782713667271,-0.3836024579228921
8.49999999999998,16.694126536741667,0.36398892194826354,-0.3875376896892416
8.533333333333314,16.700937685879463,0.3458039877686017,-0.3790615859239841
8.566666666666647,16.70774883501726,0.33500511931518195,-0.38888393813840594
8.59999999999998,16.71455998415506,0.3296507220746189,-0.4286697546652478
8.633333333333313,16.72818228243065,0.3186750417497147,-0.4903329663365724
8.666666666666647,16.741804580706248,0.2974542810972042,-0.5641538766715686
8.69999999999998,16.755426878981844,0.2688908236680624,-0.6266594944454785
8.733333333333313,16.76904917725744,0.24881767214375639,-0.6565706300692675
